rank,primary_isbn13,publisher,title,category,pub_date,Amazon Product ID,Amazon Price,Amazon Rating,Amazon Rating Total
1,9780525559474,Viking,THE MIDNIGHT LIBRARY,Hardcover Fiction,2022-02-02,0525559477,13.29,4.3,132597.0
8,9780310330912,Zondervan,AMERICA THE BEAUTIFUL,Combined Print Nonfiction,2022-02-02,0310330912,11.98,4.8,3797.0
20,9781400064168,Random House,UNBROKEN,Combined Print Nonfiction,2022-02-02,B004CJN7TG,0.0,4.8,32696.0
19,9781451674774,Gallery,I'LL SEE YOU AGAIN,Combined Print Nonfiction,2022-02-02,B00C1LBXB6,0.0,4.7,711.0
18,9780374533557,"Farrar, Straus & Giroux","THINKING, FAST AND SLOW",Combined Print Nonfiction,2022-02-02,0374533555,11.29,4.6,22638.0
17,9781476703541,Howard,DUCK COMMANDERS,Combined Print Nonfiction,2022-02-02,B009NOT8N4,0.0,4.8,2245.0
16,9780393081572,Norton,GULP,Combined Print Nonfiction,2022-02-02,B00BZ5QPKI,0.0,4.5,1653.0
15,9781594204807,Penguin Press,WAY OF THE KNIFE,Combined Print Nonfiction,2022-02-02,014312501X,13.99,4.4,508.0
14,9780307957139,Knopf,THE NEW DIGITAL AGE,Combined Print Nonfiction,2022-02-02,0307957136,14.95,3.9,327.0
13,9780307352156,Broadway,QUIET,Combined Print Nonfiction,2022-02-02,0307352153,7.73,4.6,16472.0
12,9781401943417,Hay House,MY NEXT STEP,Combined Print Nonfiction,2022-02-02,1401943411,10.77,4.1,45.0
11,9780062238863,Harper,AMERICAN SNIPER,Combined Print Nonfiction,2022-02-02,B006ST49K4,0.0,4.7,18623.0
10,9781476706412,Simon & Schuster,CARRIE AND ME,Combined Print Nonfiction,2022-02-02,B00BS8NHAS,0.0,4.5,308.0
9,9781568586717,Nation,DIRTY WARS,Combined Print Nonfiction,2022-02-02,B00C7WQBZW,0.0,4.4,627.0
7,9781476711874,Howard,WAKING UP IN HEAVEN,Combined Print Nonfiction,2022-02-02,1476711879,16.99,4.5,1137.0
1,9780593230572,One World,THE 1619 PROJECT,Hardcover Nonfiction,2022-02-02,0593230574,22.8,4.8,4018.0
6,9781250024978,St. Martin's,TRIDENT K9 WARRIORS,Combined Print Nonfiction,2022-02-02,1250024978,28.85,4.6,697.0
5,9780307476074,Vintage,WILD,Combined Print Nonfiction,2022-02-02,B01NCT5R2J,34.99,4.7,5.0
4,9781594204210,Penguin Press,COOKED,Combined Print Nonfiction,2022-02-02,B00BMBATXY,0.0,4.6,1178.0
3,9781451695199,Simon & Schuster,PROOF OF HEAVEN,Combined Print Nonfiction,2022-02-02,1451695195,10.49,4.4,16017.0
2,9780385349949,Knopf,LEAN IN,Combined Print Nonfiction,2022-02-02,0385349947,12.6,4.5,7504.0
1,9780316154697,"Little, Brown",LET'S EXPLORE DIABETES WITH OWLS,Combined Print Nonfiction,2022-02-02,B00C6K1BK0,0.0,4.4,2549.0
20,9781594488399,Riverhead,THE INTERESTINGS,Combined Print Fiction,2022-02-02,B00BMBAK9M,0.0,3.7,2604.0
19,9781455523153,Grand Central,THE FORGOTTEN,Combined Print Fiction,2022-02-02,9123978724,59.98,4.8,9.0
18,9780345541338,Dell,CALICO JOE,Combined Print Fiction,2022-02-02,B0067AN0VI,6.99,4.4,5490.0
17,9781250010070,St. Martin's,DON'T GO,Combined Print Fiction,2022-02-02,B008BU6THE,4.99,4.4,1249.0
16,9780399159091,Putnam,THE MYSTERY WOMAN,Combined Print Fiction,2022-02-02,B00AFPVQK8,8.99,4.5,798.0
15,9781400067688,Random House,THE BURGESS BOYS,Combined Print Fiction,2022-02-02,1400067685,9.72,4.1,3083.0
15,9780385538923,Doubleday,THE SLEEPWALKER,E-Book Fiction,2022-02-02,B01FPGY5TK,11.99,4.3,1008.0
14,9781429960274,Forge,A DOG'S PURPOSE,E-Book Fiction,2022-02-02,0765388111,10.0,4.8,9122.0
13,9781250105615,Flatiron,THE DRY,E-Book Fiction,2022-02-02,B01BSN15F6,9.99,4.4,13201.0
12,9780316407168,"Little, Brown",CROSS THE LINE,E-Book Fiction,2022-02-02,B01C37XEUU,9.99,4.6,5037.0
3,9780062892355,Harper,THE BETRAYAL OF ANNE FRANK,Hardcover Nonfiction,2022-02-02,0062892355,18.48,4.1,129.0
4,9780063209787,Harper,UNTHINKABLE,Hardcover Nonfiction,2022-02-02,0063209780,18.79,4.8,948.0
5,9780593139134,Crown,GREENLIGHTS,Hardcover Nonfiction,2022-02-02,B08HLW2JXD,0.0,4.7,50291.0
6,9781984877925,Penguin Press,WILL,Hardcover Nonfiction,2022-02-02,1984877925,18.68,4.8,8914.0
7,9780525657743,Knopf,CRYING IN H MART,Hardcover Nonfiction,2022-02-02,0525657746,15.95,4.5,5848.0
8,9780063076099,Dey Street,THE STORYTELLER,Hardcover Nonfiction,2022-02-02,B091WVM1JD,0.0,4.8,10649.0
9,9781984801258,Dial,UNTAMED,Hardcover Nonfiction,2022-02-02,1984801252,16.47,4.6,48787.0
10,9781982132118,Atria,BLOOD IN THE GARDEN,Hardcover Nonfiction,2022-02-02,1982132116,19.57,4.8,66.0
11,9781982168018,Gallery,TASTE,Hardcover Nonfiction,2022-02-02,1982168013,14.0,4.7,3116.0
12,9781510766808,Skyhorse,THE REAL ANTHONY FAUCI,Hardcover Nonfiction,2022-02-02,1510766804,19.89,4.8,9962.0
13,9781637630594,Forefront,THE GREAT RESET,Hardcover Nonfiction,2022-02-02,B09MJ3FZXS,14.99,4.6,454.0
14,9781982173760,Simon & Schuster,JUST PURSUIT,Hardcover Nonfiction,2022-02-02,1982173769,18.99,4.6,67.0
15,9781984878106,Viking,THINK AGAIN,Hardcover Nonfiction,2022-02-02,1984878107,16.75,4.6,8092.0
10,9780698188365,Blue Rider,THE PRINCESS DIARIST,E-Book Nonfiction,2022-02-02,B01AAXYD54,0.0,4.4,2982.0
2,9780440337973,Dial,THE GUERNSEY LITERARY AND POTATO PEEL PIE SOCIETY,E-Book Fiction,2022-02-02,B0015DWJX2,11.99,4.7,12903.0
3,9780385541206,Doubleday,THE WHISTLER,E-Book Fiction,2022-02-02,B01C1LUFFK,9.99,4.4,19195.0
4,9781101984772,Dutton,RING OF FIRE,E-Book Fiction,2022-02-02,B01DTSGF30,9.99,4.7,806.0
5,9780345544964,Ballantine,SMALL GREAT THINGS,E-Book Fiction,2022-02-02,0345544978,13.58,4.7,20928.0
7,9781476738031,Atria,A MAN CALLED OVE,E-Book Fiction,2022-02-02,1476738025,7.63,4.6,41771.0
8,9780425285350,Delacorte,THE MISTRESS,E-Book Fiction,2022-02-02,B01E2GZ5FC,6.99,4.5,2652.0
9,9780698193000,Berkley,THE GUESTS ON SOUTH BATTERY,E-Book Fiction,2022-02-02,B01E4WAFW2,11.99,4.7,1423.0
10,9781455586493,Grand Central,NO MAN'S LAND,E-Book Fiction,2022-02-02,B01FQLZS1S,9.99,4.6,8369.0
11,9780399574184,Putnam,BELOW THE BELT,E-Book Fiction,2022-02-02,B01E4WAFFO,9.99,4.5,1365.0
14,9781455526956,Grand Central,THE BLACK BOX,Combined Print Fiction,2022-02-02,B0076DELIG,11.99,4.5,7461.0
13,9780345803481,Vintage,FIFTY SHADES OF GREY,Combined Print Fiction,2022-02-02,B007R07BK8,0.0,4.0,56993.0
12,9780307346612,Broadway,WORLD WAR Z,Combined Print Fiction,2022-02-02,B00BIK73QA,0.0,4.4,7675.0
15,9780374715144,"Farrar, Straus & Giroux",THANK YOU FOR BEING LATE,E-Book Nonfiction,2022-02-02,B01M6Y5Y66,0.0,4.6,2107.0
14,9781101886977,Ballantine,TROUBLEMAKER,E-Book Nonfiction,2022-02-02,B01604H1DI,0.0,4.7,7852.0
13,9780399588181,Spiegel & Grau,BORN A CRIME,E-Book Nonfiction,2022-02-02,B01IW9TM5O,0.0,4.8,40925.0
12,9780718081539,W Publishing/Thomas Nelson,THE MAGNOLIA STORY,E-Book Nonfiction,2022-02-02,B01DFBXA8O,0.0,4.8,9951.0
11,9781101200858,Penguin,ALEXANDER HAMILTON,E-Book Nonfiction,2022-02-02,B0007OB58A,0.0,4.8,17866.0
1,9780062363619,Morrow/HarperCollins,HIDDEN FIGURES,E-Book Nonfiction,2022-02-02,0062363603,10.17,4.6,5819.0
3,9780062213679,Morrow,UNSINKABLE,E-Book Nonfiction,2022-02-02,B00BW9ZW88,0.0,4.4,1295.0
4,9781455540020,Grand Central,THE LOST CITY OF THE MONKEY GOD,E-Book Nonfiction,2022-02-02,B01MXRV10A,0.0,4.4,4915.0
5,9781439153802,Simon & Schuster,WISHFUL DRINKING,E-Book Nonfiction,2022-02-02,B001NQ6HKW,0.0,4.4,2980.0
6,9780062569066,Morrow/HarperCollins,THREE DAYS IN JANUARY,E-Book Nonfiction,2022-02-02,B01ER6LJFM,11.99,4.6,1241.0
7,9781627790635,Holt,KILLING THE RISING SUN,E-Book Nonfiction,2022-02-02,B01EIL01T6,0.0,4.8,10712.0
8,9780812988413,Random House,WHEN BREATH BECOMES AIR,E-Book Nonfiction,2022-02-02,081298840X,14.63,4.8,23204.0
11,9780553573404,Bantam,A GAME OF THRONES,Combined Print Fiction,2022-02-02,B0001DBI1Q,0.0,4.7,24270.0
2,9780593356159,Ballantine,THE MAID,Hardcover Fiction,2022-02-02,B091Y4KGFH,13.99,4.3,5091.0
10,9780446547635,Grand Central,THE BEST OF ME,Combined Print Fiction,2022-02-02,B004QZ9PLU,8.99,4.6,7782.0
9,9780307588364,Crown,GONE GIRL,Combined Print Fiction,2022-02-02,B0088UT8IO,0.0,4.1,63771.0
8,9781451668940,Simon & Schuster,DADDY'S GONE A HUNTING,Combined Print Fiction,2022-02-02,B009R659L8,0.0,4.5,2011.0
7,9780812993844,Dial,WEDDING NIGHT,Combined Print Fiction,2022-02-02,0812993845,5.78,3.9,3570.0
6,9780061928178,Harper Perennial,BEAUTIFUL RUINS,Combined Print Fiction,2022-02-02,0061928178,11.59,4.0,4229.0
5,9780316176484,Reagan Arthur Books,LIFE AFTER LIFE,Combined Print Fiction,2022-02-02,0316176494,10.67,3.9,7945.0
4,9780385535304,Doubleday,PARIS,Combined Print Fiction,2022-02-02,B00B3Y1CI6,0.0,4.4,2788.0
3,9780312577216,St. Martin's,FLY AWAY,Combined Print Fiction,2022-02-02,1250031818,10.67,4.5,13801.0
2,9780399159893,Putnam,WHISKEY BEACH,Combined Print Fiction,2022-02-02,B00BPDZURE,0.0,4.6,7622.0
1,9781455521210,Grand Central,THE HIT,Combined Print Fiction,2022-02-02,B00A6JLDJ2,11.99,4.6,11503.0
2,9780358567363,Harvest,ENOUGH ALREADY,Hardcover Nonfiction,2022-02-02,035856736X,16.2,4.6,665.0
9,9780393254600,Norton,THE UNDOING PROJECT,E-Book Nonfiction,2022-02-02,B01KBM82M4,0.0,4.4,3212.0
15,9781101885680,Delacorte,GO TELL THE BEES THAT I AM GONE,Hardcover Fiction,2022-02-02,B0925FP6G6,15.99,4.7,25126.0
8,9780062888341,Harper,THE STRANGER IN THE LIFEBOAT,Hardcover Fiction,2022-02-02,006288834X,15.07,4.6,9965.0
14,9781538728628,Grand Central,THE WISH,Hardcover Fiction,2022-02-02,B08RYQDKP2,14.99,4.7,20126.0
13,9780593296844,Viking,SOMETHING TO HIDE,Hardcover Fiction,2022-02-02,B09284JLRF,14.99,4.4,2781.0
12,9781982168438,Scribner,CLOUD CUCKOO LAND,Hardcover Fiction,2022-02-02,B08TRMSR3Z,15.99,4.5,8788.0
10,9780385547932,Doubleday,TO PARADISE,Hardcover Fiction,2022-02-02,B091XWH5T2,14.99,4.2,203.0
9,9781984818416,Ballantine,WISH YOU WERE HERE,Hardcover Fiction,2022-02-02,B0925DXNV1,14.99,4.4,12056.0
11,9780593465066,Viking,CALL US WHAT WE CARRY,Hardcover Fiction,2022-02-02,0593465067,14.53,4.9,1794.0
7,9780385546027,Doubleday,THE JUDGE'S LIST,Hardcover Fiction,2022-02-02,B093N8JP2B,0.0,4.5,37826.0
6,9781501171345,Simon & Schuster,THE LAST THING HE TOLD ME,Hardcover Fiction,2022-02-02,1501171348,13.5,4.3,67766.0
5,9780593185414,Dutton,ONE STEP TOO FAR,Hardcover Fiction,2022-02-02,B09HCV6XHF,0.0,4.7,1656.0
4,9780316499774,"Little, Brown",THE HORSEWOMAN,Hardcover Fiction,2022-02-02,B093ZQBLZY,14.99,4.4,1949.0
3,9780735222359,Viking,THE LINCOLN HIGHWAY,Hardcover Fiction,2022-02-02,B08WRH53MY,14.99,4.4,25618.0
8,9781627791502,Holt,CHASING HISTORY,Hardcover Nonfiction,2022-01-30,1627791507,25.49,4.5,162.0
14,9781501135972,Threshold Editions,AMERICAN MARXISM,Hardcover Nonfiction,2022-01-30,150113597X,14.0,4.9,26870.0
9,9781368042000,Hyperion Avenue,A LITTLE CLOSER TO HOME,Hardcover Nonfiction,2022-01-30,1368042007,16.68,4.6,360.0
15,9781250223180,Flatiron,WHAT HAPPENED TO YOU?,Hardcover Nonfiction,2022-01-30,1250223180,14.49,4.7,7810.0
15,9781250786173,Flatiron,OLGA DIES DREAMING,Hardcover Fiction,2022-01-30,1250786177,18.24,4.3,360.0
9,9781250803825,Minotaur,A FLICKER IN THE DARK,Hardcover Fiction,2022-01-30,B094DSXBS5,0.0,4.3,1193.0
6,9780593137789,Crown,HOW CIVIL WARS START,Hardcover Nonfiction,2022-01-30,0593137787,24.3,4.5,235.0
11,9781984821584,Delacorte,INVISIBLE,Hardcover Fiction,2022-01-30,B091PJSK74,14.99,4.6,2501.0
10,9781631492563,Liveright,THE LYRICS: 1956 TO THE PRESENT,Hardcover Nonfiction,2022-01-23,163149256X,90.0,4.8,1780.0
9,9781982182915,Simon & Schuster,PERIL,Hardcover Nonfiction,2022-01-23,9124143693,64.99,2.5,2.0
15,9780593159118,Ballantine,ALL ABOUT ME!,Hardcover Nonfiction,2022-01-23,B0992RFCW7,0.0,4.6,1821.0
14,9780374157357,"Farrar, Straus & Giroux",THE DAWN OF EVERYTHING,Hardcover Nonfiction,2022-01-23,B08TYBMHGV,0.0,4.5,1544.0
11,9781250274250,St. Martin's,RECKLESS GIRLS,Hardcover Fiction,2022-01-23,B092T9QSD9,14.99,4.0,1057.0
15,9781982156121,Simon & Schuster,THE SCHOOL FOR GOOD MOTHERS,Hardcover Fiction,2022-01-23,1982156120,17.99,3.9,803.0
13,9780593355398,Del Rey,STAR WARS: THE FALLEN STAR,Hardcover Fiction,2022-01-23,B09B2MSJGD,0.0,4.5,425.0
13,9780525540571,Sentinel,THE PRESIDENT AND THE FREEDOM FIGHTER,Hardcover Nonfiction,2022-01-16,0525540571,17.0,4.8,2523.0
14,9780062964618,Harper,VANDERBILT,Hardcover Nonfiction,2022-01-16,B08SXWYXF8,0.0,4.4,7647.0
15,9780762499502,Black Dog & Leventhal,"BEST WISHES, WARMEST REGARDS",Hardcover Nonfiction,2022-01-16,0762499508,20.0,4.9,2093.0
11,9780593236314,Crown,RENEGADES,Hardcover Nonfiction,2022-01-16,0593236319,29.03,4.8,1540.0
13,9780374602604,"Farrar, Straus & Giroux","BEAUTIFUL WORLD, WHERE ARE YOU",Hardcover Fiction,2022-01-16,0374602603,16.8,3.9,6770.0
14,9780735211230,Riverhead,A SLOW FIRE BURNING,Hardcover Fiction,2022-01-16,B08PQ1K5FL,0.0,3.9,9733.0
15,9780316485647,"Little, Brown",THE DARK HOURS,Hardcover Fiction,2022-01-16,B08WLRG1L2,14.99,4.6,25279.0
11,9780316499149,"Little, Brown",FEAR NO EVIL,Hardcover Fiction,2022-01-09,B08Y8M2Y7T,14.99,4.6,9374.0
13,9781982173678,"Simon & Schuster, St. Martin's",STATE OF TERROR,Hardcover Fiction,2022-01-09,B08VJL9Z5X,14.99,4.5,18272.0
14,9781538719725,Grand Central,MERCY,Hardcover Fiction,2022-01-09,B08Y8L2WB3,14.99,4.6,15845.0
15,9780385545136,Doubleday,HARLEM SHUFFLE,Hardcover Fiction,2022-01-09,B08QMZC2PM,14.99,4.3,6464.0
8,9780063046641,Broadside,ALL AMERICAN CHRISTMAS,Hardcover Nonfiction,2022-01-09,0063046644,13.96,4.8,5212.0
10,9781982173616,Scribner,BILLY SUMMERS,Hardcover Fiction,2022-01-09,B08V9HZGJP,0.0,4.6,30257.0
8,9780935112962,Callaway,THE BEATLES: GET BACK,Hardcover Nonfiction,2022-01-02,0935112960,30.0,4.8,2131.0
10,9780063092785,Harper,THESE PRECIOUS DAYS,Hardcover Nonfiction,2022-01-02,0063092786,19.54,4.7,1492.0
14,9780593135204,Ballantine,PROJECT HAIL MARY,Hardcover Fiction,2022-01-02,B08GB58KD5,0.0,4.7,52518.0
15,9781250784094,Celadon,THE BOOK OF HOPE,Hardcover Nonfiction,2022-01-02,1250784093,16.8,4.8,878.0
14,9780063082199,Custom House,WELCOME TO DUNDER MIFFLIN,Hardcover Nonfiction,2021-12-26,0063082195,19.79,4.8,878.0
7,9781984859501,Ten Speed,THERE AND BACK,Hardcover Nonfiction,2021-12-26,1984859501,45.0,4.6,612.0
6,9781637582350,Post Hill,FOR SUCH A TIME AS THIS,Hardcover Nonfiction,2021-12-26,1637582358,17.87,4.9,1750.0
12,9780063112193,Morrow,AUTOPSY,Hardcover Fiction,2021-12-26,B08XQQY33Y,14.99,4.4,4852.0
14,9780593186329,Dutton,BETRAYAL,Hardcover Nonfiction,2021-12-19,059318632X,21.92,4.8,2843.0
14,9781250272706,St. Martin's,THE BECOMING,Hardcover Fiction,2021-12-19,B08R2KLCXH,14.99,4.7,10050.0
7,9781982177423,Gallery,THE CHRISTMAS PROMISE,Hardcover Fiction,2021-12-12,198217742X,10.99,4.7,2136.0
8,9781984821553,Delacorte,FLYING ANGELS,Hardcover Fiction,2021-12-12,B08XBQ7BZ9,14.99,4.6,4757.0
13,9780063098206,Harper,GOD BLESS THIS MESS,Hardcover Nonfiction,2021-12-12,B08PHNV1ZZ,0.0,4.6,1128.0
13,9780593188163,Putnam,TOM CLANCY: CHAIN OF COMMAND,Hardcover Fiction,2021-12-05,B08WJ5BG3K,14.99,4.6,3553.0
7,9781984818508,Delacorte,BETTER OFF DEAD,Hardcover Fiction,2021-12-05,B08SBMCSQQ,14.99,4.1,25618.0
8,9781982154875,Atria,GAME ON,Hardcover Fiction,2021-12-05,B08VJM3RKN,15.99,4.6,13772.0
9,9780593419649,Putnam,CLIVE CUSSLER'S THE DEVIL'S SEA,Hardcover Fiction,2021-12-05,B08WHKKV4J,14.99,4.6,3900.0
14,9780316535861,"Little, Brown",GOING THERE,Hardcover Nonfiction,2021-12-05,B094RGFVWX,0.0,4.4,4031.0
15,9780593241318,Random House,IMMUNE,Hardcover Nonfiction,2021-12-05,0593241312,20.8,4.9,2282.0
9,9780062671127,Harper,THE SENTENCE,Hardcover Fiction,2021-11-28,B08TWYG991,14.99,4.4,2144.0
15,9780759554269,"Little, Brown",E.R. NURSES,Hardcover Nonfiction,2021-11-28,0759554269,11.55,4.5,3180.0
11,9780063039544,Custom House,TO RESCUE THE REPUBLIC,Hardcover Nonfiction,2021-11-28,B08SMFY9MG,14.99,4.8,3004.0
7,9781250817860,Metropolitan,MY BODY,Hardcover Nonfiction,2021-11-28,1250817862,13.0,4.6,889.0
6,9780063090026,Morrow,WOKE UP THIS MORNING,Hardcover Nonfiction,2021-11-21,0063090023,20.25,4.7,1064.0
15,9780063065246,Morrow,THE BOYS,Hardcover Nonfiction,2021-11-21,006306524X,18.02,4.7,3934.0
14,9781501194801,Scribner,BOTH/AND,Hardcover Nonfiction,2021-11-21,1501194801,15.0,4.6,863.0
12,9780062894472,HarperOne,WHOLEHEARTED FAITH,Hardcover Nonfiction,2021-11-21,0062894471,22.99,4.8,398.0
15,9780812989434,Random House,OH WILLIAM!,Hardcover Fiction,2021-11-21,B08PYR4X94,14.99,4.2,7230.0
11,9780525541998,Putnam,THE FAMILY,Hardcover Fiction,2021-11-21,0525541993,16.16,4.1,1710.0
10,9781984855121,Random House,OUR COUNTRY FRIENDS,Hardcover Fiction,2021-11-21,B08VRP55V1,14.99,3.8,1582.0
13,9781984818812,Ballantine,DEAR SANTA,Hardcover Fiction,2021-11-14,B08TGL2689,11.99,4.6,3830.0
12,9780593490594,Viking,SILVERVIEW,Hardcover Fiction,2021-11-14,B0957T3TLN,14.99,4.2,4158.0
11,9781982104412,Atria,FORGIVING PARIS,Hardcover Fiction,2021-11-14,B08VJL9XS7,12.99,4.7,1764.0
10,9780593423066,Portfolio,WOKE RACISM,Hardcover Nonfiction,2021-11-14,0593423062,18.01,4.6,1155.0
6,9781250765789,Andy Cohen,NOT ALL DIAMONDS AND ROSÉ,Hardcover Nonfiction,2021-11-14,1250765781,18.79,4.4,2580.0
11,9780593231524,Random House,MIDNIGHT IN WASHINGTON,Hardcover Nonfiction,2021-11-14,059323152X,19.22,4.8,3364.0
15,9781419751431,Abrams Image,MUSIC IS HISTORY,Hardcover Nonfiction,2021-11-07,1419751433,14.99,4.8,265.0
15,9781984821522,Delacorte,THE BUTLER,Hardcover Fiction,2021-11-07,B08SJNJWZL,14.99,4.5,5437.0
13,9780374181178,"Farrar, Straus & Giroux",CROSSROADS,Hardcover Fiction,2021-11-07,0374181179,15.0,4.2,3999.0
14,9781101984697,Dutton,WHERE THE DEER AND THE ANTELOPE PLAY,Hardcover Nonfiction,2021-11-07,B08ZGG5F12,0.0,4.5,650.0
8,9780306923708,Hachette,THE FIRST 21,Hardcover Nonfiction,2021-11-07,030692370X,20.49,4.8,1403.0
7,DORORIG001598,Audible Originals,THE SANDMAN: ACT II,Audio Fiction,2021-11-01,B00B8Y62BI,49.99,4.4,1320.0
10,9780547345666,Houghton Mifflin Harcourt,THE HANDMAID'S TALE,E-Book Fiction,2017-01-22,038549081X,7.99,4.4,51378.0
5,9781627795951,Henry Holt,THE NORTH WATER,E-Book Fiction,2017-01-22,125011814X,15.99,4.3,2267.0
6,9780698156357,Penguin,SILVER BAY,E-Book Fiction,2017-01-22,B00GSB2F5S,9.99,4.3,3943.0
8,9780997263640,KT Publishing,COMMANDER IN CHIEF,E-Book Fiction,2017-01-22,B01M6ASIN1,4.99,4.4,577.0
13,9780061752728,HarperCollins,STATE OF FEAR,E-Book Fiction,2017-01-22,B000776JN8,0.0,4.3,3009.0
14,9781942833291,Flip City Media,SEPARATION GAMES,E-Book Fiction,2017-01-22,B01M6VGJTC,5.99,4.6,548.0
13,9781455587964,Grand Central,THE TELOMERE EFFECT,E-Book Nonfiction,2017-01-22,1455587974,15.99,4.5,1042.0
12,9780743298490,Simon & Schuster,SHOCKAHOLIC,E-Book Nonfiction,2017-01-22,B0061YBLCU,0.0,4.5,740.0
3,9780345459503,Ballantine,DISTANT SHORES,E-Book Fiction,2017-01-22,B000FA64R8,8.99,4.4,4715.0
6,9781101904237,Broadway,DARK MATTER,E-Book Fiction,2017-01-15,1632994291,17.95,3.7,15.0
4,9781420140668,Zebra,CRASH AND BURN,E-Book Fiction,2017-01-15,B01DRXCGDU,0.0,4.7,1547.0
11,9781101947142,Knopf,HOMEGOING,E-Book Fiction,2017-01-15,B015VACH4U,11.99,4.6,13012.0
3,9781250069818,Flatiron,TRULY MADLY GUILTY,E-Book Fiction,2017-01-15,B01GF36EF0,0.0,4.0,10140.0
1,9780316225953,"Little, Brown",THE WRONG SIDE OF GOODBYE,E-Book Fiction,2017-01-15,B01BU1ITMI,9.99,4.7,11764.0
7,9781466850606,St. Martin's,THE NIGHTINGALE,E-Book Fiction,2017-01-15,1250080401,8.28,4.8,82676.0
4,9781455565351,Grand Central,THE DAILY SHOW (THE BOOK),E-Book Nonfiction,2017-01-15,B01M8QIIUT,0.0,4.6,472.0
9,9781466885806,Thomas Dunne,ALL THE UGLY AND WONDERFUL THINGS,E-Book Fiction,2017-01-15,1250153964,8.59,4.4,9323.0
14,9781488022661,Carina Press,EVERYTHING FOR HER,E-Book Fiction,2017-01-15,B01K3QKWVW,4.99,4.5,684.0
5,9780553447446,Crown,EVICTED,E-Book Nonfiction,2017-01-15,0553447459,10.99,4.7,4950.0
10,9780062416216,HarperCollins,THE ALCHEMIST,E-Book Fiction,2017-01-15,0062315005,8.89,4.7,67054.0
7,9781101874943,Knopf,LAB GIRL,E-Book Nonfiction,2017-01-15,1101873728,10.99,4.5,2972.0
8,9780804138154,Crown Archetype,WHY NOT ME?,E-Book Nonfiction,2017-01-15,B00X690KZM,0.0,4.6,2972.0
6,9780385535601,Doubleday,DARK MONEY,E-Book Nonfiction,2017-01-15,B01A7BVFZK,0.0,4.7,3392.0
12,9781250075741,Flatiron,LOVE WARRIOR,E-Book Nonfiction,2017-01-15,B01BVU5IUE,0.0,4.6,5503.0
13,9780062414236,Ecco/HarperCollins,THE NEST,E-Book Fiction,2017-01-15,B010LU8V8Q,9.99,3.8,4749.0
15,9781628727234,Arcade,THE HAMILTON AFFAIR,E-Book Fiction,2017-01-08,1628728558,12.18,4.5,2430.0
14,9780345543028,Bantam,TURBO TWENTY-THREE,E-Book Fiction,2017-01-08,B01B0K7EM0,7.99,4.5,8327.0
13,9780385537049,Doubleday,THE UNDERGROUND RAILROAD,E-Book Fiction,2017-01-08,0345804325,12.41,4.5,18043.0
15,9780062494597,Harper/HarperCollins,SETTLE FOR MORE,E-Book Nonfiction,2017-01-08,B01GGOJVL2,0.0,4.3,2640.0
14,9780425285183,Random House,TALKING AS FAST AS I CAN,E-Book Nonfiction,2017-01-08,B01L0H5PD8,0.0,4.7,4301.0
13,9781501139901,Gallery Books,THE GIRL WITH THE LOWER BACK TATTOO,E-Book Nonfiction,2017-01-08,B01CPR9DIU,0.0,4.4,3239.0
11,9781501135934,Scribner,SHOE DOG,E-Book Nonfiction,2017-01-08,B01CRJA470,0.0,4.8,19276.0
2,9781943772711,NYLA,ONE FELL SWEEP,E-Book Fiction,2017-01-08,B01MSJJFAC,4.99,4.8,2703.0
7,9780698410664,Putnam,TOM CLANCY TRUE FAITH AND ALLEGIANCE,E-Book Fiction,2017-01-08,B01CZCW4XG,9.99,4.6,2934.0
8,9780804178815,Delacorte,NIGHT SCHOOL,E-Book Fiction,2017-01-08,B019B6WTRU,9.99,4.3,13957.0
10,9781501141539,Simon & Schuster,BORN TO RUN,E-Book Nonfiction,2017-01-08,B01BNVRATS,0.0,4.7,5165.0
9,9781455588206,Grand Central,TV (THE BOOK),E-Book Nonfiction,2017-01-08,1455588199,11.49,4.5,218.0
12,9781455569946,Forever,THE TROUBLE WITH DUKES,E-Book Fiction,2017-01-08,B01N3JM4S8,0.0,4.3,426.0
6,9781101968116,Loveswept,MAX,E-Book Fiction,2017-01-01,B01D7CP3OK,7.99,4.7,500.0
8,9781942847045,WGW Books,NAUGHTY BOSS,E-Book Fiction,2017-01-01,B01MRP9120,0.0,4.2,2293.0
10,9780451488701,Intermix,DARK CRIME,E-Book Fiction,2017-01-01,B01C3PTT74,2.99,4.7,1062.0
11,9780698190757,Berkley,ISLAND OF GLASS,E-Book Fiction,2017-01-01,B01CZCW26K,8.99,4.8,4238.0
2,9781946136039,HTJB,LIGHT AFTER DARK,E-Book Fiction,2017-01-01,B01N3LA31B,4.99,4.8,803.0
1,9780062381705,Morrow/HarperCollins,THE SEVENTH PLAGUE,E-Book Fiction,2017-01-01,B01D8K63NG,7.99,4.6,1993.0
14,9780997120172,Teddy Harrison,MOONSHADOW,E-Book Fiction,2017-01-01,B01MU0NADE,0.0,4.5,599.0
12,9780316362450,"Little, Brown",FILTHY RICH,E-Book Nonfiction,2017-01-01,1455542644,10.3,4.2,2540.0
8,9781493018901,Lyons Press,THE SANTA CLAUS MAN,E-Book Nonfiction,2017-01-01,1493008447,20.64,3.7,69.0
3,9780698193284,Ballantine,BLOOD VOW,E-Book Fiction,2016-12-25,B01CWZGA4U,8.99,4.8,2856.0
6,9780062645371,Morrow,ALL THE GALLANT MEN,E-Book Nonfiction,2016-12-25,0062645358,22.77,4.8,1281.0
8,9780997263619,KT Publishing,WOMANIZER,E-Book Fiction,2016-12-25,B01KYEL8YI,4.99,4.5,577.0
15,9780316319997,"Little, Brown",THE CHRISTMAS MYSTERY,E-Book Fiction,2016-12-25,B01DSTTRMG,3.99,4.4,849.0
12,9781101632093,Penguin,MRS. HEMINGWAY,E-Book Fiction,2016-12-25,B00FX7R8XW,4.99,4.2,821.0
10,9781101884867,Loveswept,SOMEONE LIKE YOU,E-Book Fiction,2016-12-25,B014BR4A3A,6.99,4.6,406.0
14,9781455595754,Center Street,RIVER OF TIME,E-Book Nonfiction,2016-12-25,145559573X,15.99,4.5,340.0
12,9781250116475,Holt,SUPERFICIAL,E-Book Nonfiction,2016-12-25,B01K5Q6WFK,0.0,4.1,691.0
4,9780316217637,Orbit,BABYLON'S ASHES,E-Book Fiction,2016-12-25,B01D53NR9O,0.0,4.6,6492.0
1,9781455520701,Grand Central,TWO BY TWO,E-Book Fiction,2016-12-18,B01KGK5KH6,0.0,4.5,10450.0
3,9781250121011,St. Martin's,BEHIND CLOSED DOORS,E-Book Fiction,2016-12-18,1250132363,8.8,4.3,27608.0
7,9781101622742,Penguin,THE BOYS IN THE BOAT,E-Book Nonfiction,2016-12-18,B00D67EOMO,0.0,4.8,28952.0
5,9780062268372,Dey Street/Morrow,YES PLEASE,E-Book Nonfiction,2016-12-18,B00MP22QRQ,0.0,4.3,5206.0
14,9781101906859,Crown Forum,ENHANCED INTERROGATION,E-Book Nonfiction,2016-12-18,1101906847,23.16,4.7,525.0
13,9781250115652,Flatiron,KATHY GRIFFIN'S CELEBRITY RUN-INS,E-Book Nonfiction,2016-12-18,B01K5NU4RK,0.0,4.1,588.0
12,9781501117237,Touchstone,SCRAPPY LITTLE NOBODY,E-Book Nonfiction,2016-12-18,B01ETUKWOU,0.0,4.6,2388.0
6,9780062101204,Morrow/HarperCollins,ORPHAN TRAIN,E-Book Fiction,2016-12-18,0061950726,11.77,4.6,24267.0
15,9780698193673,Berkley,WHEN ALL THE GIRLS HAVE GONE,E-Book Fiction,2016-12-18,B01COJUHBQ,5.99,4.5,860.0
10,9780062250827,Harper,THE FLAME BEARER,E-Book Fiction,2016-12-18,B01JGP2MHS,0.0,4.8,2027.0
11,9780553897845,Bantam,A GAME OF THRONES,E-Book Fiction,2016-12-18,B0001DBI1Q,0.0,4.7,24270.0
14,9781939996466,Denise Grover Swank,FAMILY JEWELS,E-Book Fiction,2016-12-18,B01LBS7H50,2.99,4.5,1448.0
14,9780307589385,Crown,THE IMMORTAL LIFE OF HENRIETTA LACKS,E-Book Nonfiction,2016-12-11,1400052181,12.1,4.7,15598.0
12,9780698188365,Blue Rider Press,THE PRINCESS DIARIST,E-Book Nonfiction,2016-12-11,B01AAXYD54,0.0,4.4,2982.0
11,9780062415820,Dey Street,NOTORIOUS RBG,E-Book Nonfiction,2016-12-11,B00TP0554W,14.99,4.8,4590.0
4,9780698163454,Penguin,JAMES MADISON,E-Book Nonfiction,2016-12-11,B00JRHEHO2,0.0,4.6,836.0
5,9780062316103,Harper,SAPIENS,E-Book Nonfiction,2016-12-11,B0741F3M7C,0.0,4.6,51548.0
15,9780698185395,Riverhead,THE GIRL ON THE TRAIN,E-Book Fiction,2016-12-11,1594634025,7.48,4.1,87947.0
2,9780316387859,"Little, Brown",THE CHEMIST,E-Book Fiction,2016-12-11,B01LZMGSKX,0.0,4.4,6090.0
13,9780062320247,Harper,THE BLACK WIDOW,E-Book Fiction,2016-12-11,B016UE6KTO,9.99,4.6,8138.0
12,9781681196336,Bloomsbury Spark,OUT OF BOUNDS,E-Book Fiction,2016-12-11,B06XJ8Z6ZC,0.0,4.5,295.0
10,9781250022127,Minotaur,A GREAT RECKONING,E-Book Fiction,2016-12-11,B01BBXF0HC,9.99,4.8,7208.0
15,9780997552942,VanScoy,MISCHIEF AND THE MASTERS,E-Book Fiction,2016-12-04,B01N3KTNP2,5.99,4.7,589.0
11,9781942832034,JKB,SWEET CHEEKS,E-Book Fiction,2016-12-04,B01N0CLG7U,2.99,4.6,931.0
6,9781250132932,Thomas Dunne/St. Martin’s,OUR REVOLUTION,E-Book Nonfiction,2016-12-04,B01M03PIKA,0.0,4.8,1575.0
3,9780062436726,Morrow,CHAOS,E-Book Fiction,2016-12-04,B01BKD6YYQ,7.99,4.0,4915.0
6,9780399575525,Putnam,ODESSA SEA,E-Book Fiction,2016-12-04,B01COJUGQ2,8.99,4.6,2288.0
7,9781501108600,Simon & Schuster,THE SLEEPING BEAUTY KILLER,E-Book Fiction,2016-12-04,B01E4BC1VQ,0.0,4.7,2068.0
12,9780307889805,Crown/Archetype,TESTIMONY,E-Book Nonfiction,2016-12-04,0307889793,13.69,4.6,1240.0
14,9780698198067,Portfolio,THE ROAD TO RUIN,E-Book Nonfiction,2016-12-04,1591848083,13.29,4.6,848.0
5,9781101595954,Penguin,THE SIGNAL AND THE NOISE,E-Book Nonfiction,2016-11-27,B007V65R54,11.99,4.5,1815.0
8,9781429952118,Tor,AT THE SIGN OF TRIUMPH,E-Book Fiction,2016-11-27,B01MTK9SC9,0.0,4.5,973.0
14,9780698411340,Signet,SOMEONE TO LOVE,E-Book Fiction,2016-11-27,B01BK0SQ36,7.99,4.5,1315.0
15,9781942834205,EverAfter,SAY YOU WANT ME,E-Book Fiction,2016-11-27,B01M4S2AJK,0.0,4.7,1757.0
6,9780062463562,Avon Impulse,ONE SNOWY NIGHT,E-Book Fiction,2016-11-27,B01CY36WHK,0.99,4.4,516.0
5,9780698406216,Jove,LEOPARD'S FURY,E-Book Fiction,2016-11-27,B01BK0SPU0,8.99,4.8,1026.0
3,9781466867512,St. Martin's,THIS WAS A MAN,E-Book Fiction,2016-11-27,B01BSNQJIY,9.99,4.6,7516.0
9,9780692527771,Rutherford,WRONG,E-Book Fiction,2016-11-27,B015ZZEYWE,0.0,4.3,3660.0
14,9781101608487,Viking,WHITE TRASH,E-Book Nonfiction,2016-11-27,B016JPTQ9U,14.99,4.4,2838.0
13,9781466836952,"Farrar, Straus & Giroux",THE UNWINDING,E-Book Nonfiction,2016-11-27,B092P78Q2P,38.51,4.4,58.0
8,9780307886866,Crown,JUST BABIES,E-Book Nonfiction,2016-11-27,0307886859,13.99,4.4,263.0
10,9780998244419,Rutherford,TRUST,E-Book Fiction,2016-11-27,B01M73QZ68,0.0,4.6,1142.0
5,9781101883860,Delacorte,THE AWARD,E-Book Fiction,2016-11-20,B01BJSRSF6,8.99,4.7,1866.0
13,9781625795465,Baen Books,SHADOW OF VICTORY,E-Book Fiction,2016-11-20,B01MCVUHBO,6.99,3.4,1323.0
3,9781942834205,BAAE,SAY YOU WANT ME,E-Book Fiction,2016-11-20,B07DB6T5SQ,0.0,4.3,2257.0
6,9780451488015,Berkley,ARCHANGEL'S HEART,E-Book Fiction,2016-11-20,B01E4WAGLM,7.99,4.7,1033.0
9,9780698152670,Putnam,ESCAPE CLAUSE,E-Book Fiction,2016-11-20,B01BD1SSA8,9.99,4.6,4578.0
10,9781476783505,Emily Bestler/Atria,VINCE FLYNN: ORDER TO KILL,E-Book Fiction,2016-11-20,B01CO34K8I,12.99,4.6,4725.0
12,9780997263633,KT Publishing,MR. PRESIDENT,E-Book Fiction,2016-11-20,B01LY39XCK,4.99,4.6,763.0
7,9781628738988,Skyhorse,DONOVAN,E-Book Nonfiction,2016-11-20,1626365393,14.95,4.6,231.0
15,9781101907498,Crown Archetype,NOT DEAD YET,E-Book Nonfiction,2016-11-20,B01JYEUQWO,0.0,4.6,2218.0
14,9780735289871,Waterbrook,SHAKEN,E-Book Nonfiction,2016-11-20,0735289883,10.01,4.8,2903.0
12,9780062659439,Harper/HarperCollins,CLINTON CASH,E-Book Nonfiction,2016-11-20,0062369296,14.99,4.7,3012.0
6,9780062238481,Harper,SISTERS IN LAW,E-Book Nonfiction,2016-11-20,0062238477,14.49,4.3,619.0
4,9781621576426,Regnery,GUILTY AS SIN,E-Book Nonfiction,2016-11-20,1621576418,2.48,4.7,1090.0
14,9781250105103,St. Martin's,THE LOST GIRLS,E-Book Fiction,2016-11-20,B01E3PS8S8,8.99,4.6,343.0
15,9780385530873,Nan A. Talese,A LOWCOUNTRY HEART,E-Book Nonfiction,2016-11-13,0385530862,15.81,4.7,468.0
13,9780544453678,Houghton Mifflin Harcourt,GUNSLINGER,E-Book Nonfiction,2016-11-13,B01LZ32HD8,0.0,4.6,502.0
14,9780062469762,Dey Street/Morrow,A LITTLE THING CALLED LIFE,E-Book Nonfiction,2016-11-13,B01I28A3SK,0.0,4.5,1294.0
2,9780399573965,Putnam,"SEX, LIES  AND SERIOUS MONEY",E-Book Fiction,2016-11-13,B01BS7N84S,9.99,4.0,1449.0
9,9780345548719,Bantam,THE FLEET AT FLOOD TIDE,E-Book Nonfiction,2016-11-13,1629670537,14.1,4.5,1976.0
5,9780316251310,Orbit,THE BLOOD MIRROR,E-Book Fiction,2016-11-13,B01K8S3XJ8,0.0,4.6,2731.0
7,9781937608538,DLZ Entertainment,SUBMISSION IS NOT ENOUGH,E-Book Fiction,2016-11-13,B01JAJPP6A,4.99,4.7,509.0
11,9781466887336,St. Martin's,NIGHT WATCH,E-Book Fiction,2016-11-13,B01DSWKABU,9.99,4.7,596.0
15,9781943781249,Fog City,LUKE,E-Book Fiction,2016-11-13,B01LOV6IPY,0.0,4.4,327.0
14,9781942833284,Flip City Media,MARRIAGE GAMES,E-Book Fiction,2016-11-13,B01MPZTV5A,5.99,4.5,894.0
10,9780062425478,Morrow/HarperCollins,FAMILY TREE,E-Book Fiction,2016-11-13,0062425447,11.42,4.6,1359.0
9,9780374712242,"Farrar, Straus & Giroux",THE SELLOUT,E-Book Fiction,2016-11-13,B00MLN1TT0,10.99,4.1,2711.0
12,9781579657314,Artisan,BETTER THAN NEW,E-Book Nonfiction,2016-11-06,1579656676,9.35,4.7,690.0
14,9780735221093,Viking,THE TRESPASSER,E-Book Fiction,2016-11-06,B01COJUFIQ,12.99,4.4,4167.0
15,9781455568130,Grand Central,MISSING,E-Book Fiction,2016-11-06,B01BU1IUPE,9.99,4.4,1543.0
15,9780316337564,"Little, Brown",TRUEVINE,E-Book Nonfiction,2016-11-06,0316337528,11.99,4.3,322.0
14,9780385535748,Doubleday,HERO OF THE EMPIRE,E-Book Nonfiction,2016-11-06,B01J6GNLB8,0.0,4.7,1501.0
13,9781501153280,Simon & Schuster,THEY'RE PLAYING OUR SONG,E-Book Nonfiction,2016-11-06,B01LZC9W2T,0.0,4.5,374.0
11,9781476723440,Atria,HUNGRY HEART,E-Book Nonfiction,2016-11-06,B00A25FA3K,13.99,4.4,422.0
8,9780062457530,Dey Street/Morrow,BUFFERING,E-Book Nonfiction,2016-11-06,B01J221CIU,0.0,4.8,582.0
12,9780062491817,Harper/HarperCollins,COMMONWEALTH,E-Book Fiction,2016-11-06,0062491830,10.13,4.0,4824.0
13,9781455581238,Grand Central,STING,E-Book Fiction,2016-11-06,B01FQLZSPY,8.99,4.5,2427.0
10,9780812997842,Dial,THE TRUTH ACCORDING TO US,E-Book Fiction,2016-11-06,B00VSDANY6,0.0,4.2,1021.0
9,9780698411449,Dutton,HOME,E-Book Fiction,2016-11-06,B01COJUGOE,9.99,4.6,6189.0
8,9780997426229,Emma Chase,ROYALLY SCREWED,E-Book Fiction,2016-11-06,B01M1A1GC2,0.0,4.4,1636.0
2,9781455536900,Grand Central,THE OBSIDIAN CHAMBER,E-Book Fiction,2016-11-06,B01FD96JIE,9.99,4.5,2770.0
15,9781682307168,Claire Contreras,THE PLAYER,E-Book Fiction,2016-10-30,B08FFVRR8D,0.0,4.5,709.0
14,9781101871362,Pantheon,PRECIOUS AND GRACE,E-Book Fiction,2016-10-30,B01AQO0IJM,9.99,4.7,1783.0
15,9781455559640,Grand Central,BETWEEN BREATHS,E-Book Nonfiction,2016-10-30,B01K8OSWKW,0.0,4.6,1398.0
14,9780306823077,Da Capo,I AM BRIAN WILSON,E-Book Nonfiction,2016-10-30,B01IWDWL62,0.0,4.5,766.0
10,9781476793887,Scribner,A LIFE IN PARTS,E-Book Nonfiction,2016-10-30,B01F7MT78Q,0.0,4.7,1572.0
8,9780997217834,Toya Wright,IN MY OWN WORDS ... MY REAL REALITY,E-Book Nonfiction,2016-10-30,B01MEDAAMH,8.99,4.6,543.0
3,9781476723440,Simon & Schuster,HUNGRY HEART,E-Book Nonfiction,2016-10-30,B00A25FA3K,13.99,4.4,422.0
12,9781101968147,Loveswept,SUGAR FREE,E-Book Fiction,2016-10-30,B01AQO16PW,7.99,4.5,321.0
12,9781101906224,Crown Forum,A TORCH KEPT LIT,E-Book Nonfiction,2016-10-30,B01LY91A3T,0.0,4.6,513.0
4,9781101987759,Berkley,CRIMSON DEATH,E-Book Fiction,2016-10-30,B01KBM0YPM,0.0,4.4,2827.0
7,9781942288091,CP Publishing,GOING DOWN FAST,E-Book Fiction,2016-10-30,B01IILS7MU,4.99,4.3,1308.0
9,9781250019981,St. Martin's Press,TAKING EVE,Combined Print Fiction,2013-05-05,B008RLPPS6,11.99,4.5,1079.0
10,9781455526956,Grand Central Publishing,THE BLACK BOX,Combined Print Fiction,2013-05-05,B0076DELIG,11.99,4.5,7461.0
3,9780446547635,Grand Central Publishing,THE BEST OF ME,Combined Print Fiction,2013-05-05,B004QZ9PLU,8.99,4.6,7782.0
13,9781250010070,St. Martin's Press,DON'T GO,Combined Print Fiction,2013-05-05,B008BU6THE,4.99,4.4,1249.0
3,9781118452950,Jossey-Bass,ATHENA DOCTRINE,Combined Print Nonfiction,2013-05-05,111845295X,0.0,4.4,70.0
20,9781400069804,Random House,SALT SUGAR FAT,Combined Print Nonfiction,2013-05-05,0812982193,9.99,4.6,2067.0
18,9780307594884,Knopf,MY BELOVED WORLD,Combined Print Nonfiction,2013-05-05,034580483X,15.26,4.6,3351.0
17,9781400066117,Random House,MOM & ME & MOM,Combined Print Nonfiction,2013-05-05,1400066115,12.93,4.7,1812.0
16,9780805096668,Holt,KILLING KENNEDY,Combined Print Nonfiction,2013-05-05,B009KEZN4U,0.0,4.6,9963.0
15,9780312381042,St. Martin's Press,MY WAY,Combined Print Nonfiction,2013-05-05,0312381042,31.15,4.0,414.0
14,9781586489120,PublicAffairs,GREAT DEFORMATION,Combined Print Nonfiction,2013-05-05,1982160276,21.0,4.5,830.0
11,9780670026555,Viking,GIVE AND TAKE,Combined Print Nonfiction,2013-05-05,0143124986,13.92,4.6,2870.0
9,9780062213655,Morrow,UNSINKABLE,Combined Print Nonfiction,2013-05-05,B00BW9ZW88,0.0,4.4,1295.0
14,9781455523153,Grand Central Publishing,THE FORGOTTEN,Combined Print Fiction,2013-05-05,B0087K43LW,11.99,4.5,9749.0
18,9780525953487,Dutton,SIX YEARS,Combined Print Fiction,2013-05-05,B008EKMBW8,9.99,4.3,6937.0
16,9780425264768,Berkley,THE WITNESS,Combined Print Fiction,2013-05-05,B007UWOY62,0.0,4.7,7895.0
17,9780399159879,Putnam,UNINTENDED CONSEQUENCES,Combined Print Fiction,2013-05-05,B00AFPVOC8,9.99,4.5,1218.0
19,9781455515516,Vision,NOW YOU SEE HER,Combined Print Fiction,2013-05-05,B0058AW35M,0.0,4.5,1784.0
20,9780345803498,Vintage,FIFTY SHADES DARKER,Combined Print Fiction,2013-05-05,B007UWP5AG,0.0,4.5,30647.0
6,9780062238863,HarperCollins Publishers,AMERICAN SNIPER,Combined Print Nonfiction,2013-04-28,B006ST49K4,0.0,4.7,18623.0
4,9780670026555,Penguin Group,GIVE AND TAKE,Combined Print Nonfiction,2013-04-28,0143124986,13.92,4.6,2870.0
3,9780307476074,Knopf Doubleday Publishing,WILD,Combined Print Nonfiction,2013-04-28,B01NCT5R2J,34.99,4.7,5.0
1,9780385349949,Knopf Doubleday Publishing,LEAN IN,Combined Print Nonfiction,2013-04-28,0385349947,12.6,4.5,7504.0
3,9780316176484,"Little, Brown & Company",LIFE AFTER LIFE,Combined Print Fiction,2013-04-28,0316176494,10.67,3.9,7945.0
4,9780399159879,Penguin Group,UNINTENDED CONSEQUENCES,Combined Print Fiction,2013-04-28,B00AFPVOC8,9.99,4.5,1218.0
6,9780345541338,Knopf Doubleday Publishing,CALICO JOE,Combined Print Fiction,2013-04-28,B0067AN0VI,6.99,4.4,5490.0
9,9780062213655,HarperCollins Publishers,UNSINKABLE,Combined Print Nonfiction,2013-04-28,B00BW9ZW88,0.0,4.4,1295.0
7,9781400067688,Random House Publishing,THE BURGESS BOYS,Combined Print Fiction,2013-04-28,B009MYAWIA,9.99,4.1,3083.0
8,9780385349833,Knopf Doubleday Publishing,MANUSCRIPT FOUND IN ACCRA,Combined Print Fiction,2013-04-28,B00B3Z5Y1G,0.0,4.6,1282.0
9,9780307588364,Crown Publishing,GONE GIRL,Combined Print Fiction,2013-04-28,B0088UT8IO,0.0,4.1,63771.0
10,9780525953487,Penguin Group,SIX YEARS,Combined Print Fiction,2013-04-28,B008EKMBW8,9.99,4.3,6937.0
11,9780307346612,Crown Publishing,WORLD WAR Z,Combined Print Fiction,2013-04-28,B00BIK73QA,0.0,4.4,7675.0
12,9780425264768,Penguin Group,THE WITNESS,Combined Print Fiction,2013-04-28,B007UWOY62,0.0,4.7,7895.0
13,9780345803481,Knopf Doubleday Publishing,FIFTY SHADES OF GREY,Combined Print Fiction,2013-04-28,B007R07BK8,0.0,4.0,56993.0
14,9780553573404,Random House Publishing,A GAME OF THRONES,Combined Print Fiction,2013-04-28,B0001DBI1Q,0.0,4.7,24270.0
16,9780345528810,Random House Publishing,STARTING NOW,Combined Print Fiction,2013-04-28,B005O1BGRQ,5.99,4.7,1675.0
17,9780425250662,Penguin Group,DELUSION IN DEATH,Combined Print Fiction,2013-04-28,B007T8LJO2,7.99,4.8,3068.0
18,9781451668926,Simon & Schuster,THE LOST YEARS,Combined Print Fiction,2013-04-28,B005IGYXFE,0.0,4.5,1494.0
19,9781455515516,"Little, Brown & Company",NOW YOU SEE HER,Combined Print Fiction,2013-04-28,B0058AW35M,0.0,4.5,1784.0
20,9780061928178,HarperCollins Publishers,BEAUTIFUL RUINS,Combined Print Fiction,2013-04-28,0061928178,11.59,4.0,4229.0
8,9780307352156,Crown Publishing,QUIET,Combined Print Nonfiction,2013-04-28,9123962984,40.8,5.0,3.0
10,9781594204807,Penguin Group,WAY OF THE KNIFE,Combined Print Nonfiction,2013-04-28,014312501X,13.99,4.4,508.0
16,9780425252864,Penguin Group,A HIGHER CALL,Combined Print Nonfiction,2013-04-28,0425255735,11.78,4.8,8106.0
19,9781400066117,Random House Publishing,MOM & ME & MOM,Combined Print Nonfiction,2013-04-28,1400066115,12.93,4.7,1812.0
18,9780385346870,Crown Publishing,SUM IT UP,Combined Print Nonfiction,2013-04-28,0385347057,18.0,4.9,1134.0
15,9781400069804,Random House Publishing,SALT SUGAR FAT,Combined Print Nonfiction,2013-04-28,0812982193,9.99,4.6,2067.0
14,9780307594884,Knopf Doubleday Publishing,MY BELOVED WORLD,Combined Print Nonfiction,2013-04-28,034580483X,15.26,4.6,3351.0
19,9781451617528,Touchstone,THE GIRLS OF ATOMIC CITY,Combined Print Nonfiction,2013-04-21,1451617534,11.09,4.4,2122.0
20,9781476703541,Howard Books,DUCK COMMANDERS,Combined Print Nonfiction,2013-04-21,B009NOT8N4,0.0,4.8,2245.0
1,9781476712987,Simon & Schuster,WALKING DISASTER,Combined Print Fiction,2013-04-21,1476712980,11.59,4.5,5067.0
4,9780425267066,Penguin Group,FEVER,Combined Print Fiction,2013-04-21,B009NY44LK,5.99,4.3,1674.0
10,9780316043045,"Little, Brown & Company",THE HOST,Combined Print Fiction,2013-04-21,B003IGDD7A,8.99,4.6,9066.0
12,9780778314479,Harlequin,THE WANDERER,Combined Print Fiction,2013-04-21,B07MTJHNMC,6.99,4.6,2359.0
16,9780547848655,Houghton Mifflin Harcourt,CLEAN,Combined Print Nonfiction,2013-04-21,0544112326,14.99,4.6,461.0
7,9781451697247,Scribner,"CARRY ON, WARRIOR",Combined Print Nonfiction,2013-04-21,B00BL44W0S,0.0,4.7,3144.0
10,9780230342118,Palgrave Macmillan,SECRETS OF SILICON VALLEY,Combined Print Nonfiction,2013-04-21,1137279176,17.99,4.3,63.0
17,9780316056892,"Little, Brown & Company",BOSSYPANTS,Combined Print Nonfiction,2013-04-14,B004V6APR2,0.0,4.3,7648.0
16,9781400069743,Random House Publishing,THOSE ANGRY DAYS,Combined Print Nonfiction,2013-04-14,0812982142,13.63,4.6,585.0
18,9780805093070,Holt,KILLING LINCOLN,Combined Print Nonfiction,2013-04-14,B005PTP0QU,0.0,4.7,10573.0
20,9780425261019,Penguin Group,LET'S PRETEND THIS NEVER HAPPENED,Combined Print Nonfiction,2013-04-14,0425261018,10.19,4.4,7136.0
11,9780525953722,Penguin Group,NO EASY DAY,Combined Print Nonfiction,2013-04-14,B0095PEFYS,0.0,4.6,9269.0
12,9781476714783,Simon & Schuster,SOUNDTRACK OF MY LIFE,Combined Print Nonfiction,2013-04-14,1476714797,16.89,4.4,365.0
14,9781400064168,Random House Publishing,UNBROKEN,Combined Print Nonfiction,2013-04-14,B004CJN7TG,0.0,4.8,32696.0
1,9780451239358,Penguin Group,LOVER AT LAST,Combined Print Fiction,2013-04-14,B008BM4LZY,8.99,4.6,4731.0
20,9780764209796,Bethany House Publishers,THE GUARDIAN,Combined Print Fiction,2013-04-14,B00AHY0VN0,9.99,4.8,724.0
19,9780062068644,HarperCollins Publishers,AND THEN SHE FELL,Combined Print Fiction,2013-04-14,0062068644,5.99,4.5,405.0
18,9780425256381,Penguin Group,DEADLOCKED,Combined Print Fiction,2013-04-14,B007Z95RO8,0.0,4.4,3956.0
17,9781439102763,Atria/Emily Bestler Books,THE STORYTELLER,Combined Print Fiction,2013-04-14,1439102775,10.76,4.6,11575.0
15,9780156027328,Houghton Mifflin Harcourt,LIFE OF PI,Combined Print Fiction,2013-04-14,0156027321,8.99,4.4,12947.0
13,9780778314363,Harlequin,SAND CASTLE BAY,Combined Print Fiction,2013-04-14,B00BPCON1E,0.0,4.5,580.0
9,9780062049605,HarperCollins Publishers,LEAVING EVERYTHING MOST LOVED,Combined Print Fiction,2013-04-14,B008QXXQOU,9.99,4.6,1678.0
11,9780316218511,"Little, Brown & Company",THE HOST,Combined Print Fiction,2013-04-07,B003IGDD7A,8.99,4.6,9066.0
19,9780399161773,Penguin Group,THE STRIKER,Combined Print Fiction,2013-04-07,B008ON474K,9.99,4.5,1478.0
18,9780440246138,Random House Publishing,DEFENDING JACOB,Combined Print Fiction,2013-04-07,0345533666,10.98,4.4,13525.0
17,9780374533571,"Farrar, Straus & Giroux",THE SILVER LININGS PLAYBOOK,Combined Print Fiction,2013-04-07,0374533571,9.69,4.4,4728.0
16,9780345521316,Random House Publishing,THE PARIS WIFE,Combined Print Fiction,2013-04-07,0345521315,11.64,4.4,4879.0
14,9780345803504,Knopf Doubleday Publishing,FIFTY SHADES FREED,Combined Print Fiction,2013-04-07,B007UWPAD8,0.0,4.5,30405.0
13,9780345803498,Knopf Doubleday Publishing,FIFTY SHADES DARKER,Combined Print Fiction,2013-04-07,B007UWP5AG,0.0,4.5,30647.0
12,9781455523542,Grand Central Publishing,SAFE HAVEN,Combined Print Fiction,2013-04-07,1455523542,8.99,4.7,10177.0
10,9780307273574,Knopf Doubleday Publishing,A WEEK IN WINTER,Combined Print Fiction,2013-04-07,B009MYARTO,8.99,4.5,7638.0
8,9780446572989,Grand Central Publishing,THE INNOCENT,Combined Print Fiction,2013-04-07,B007UWOXKE,0.0,4.6,11214.0
7,9780316097512,"Little, Brown & Company","ALEX CROSS, RUN",Combined Print Fiction,2013-04-07,B0076DCP16,9.99,4.6,5397.0
20,9780399160752,Penguin Group,BREAKING POINT,Combined Print Fiction,2013-04-07,0399160752,25.0,4.8,3173.0
9,9780307460998,Crown Publishing,DRIFT,Combined Print Nonfiction,2013-04-07,B007OZVJMW,0.0,4.7,1765.0
14,9780062241450,HarperCollins Publishers,UNTIL I SAY GOOD-BYE,Combined Print Nonfiction,2013-04-07,0062241478,12.74,4.6,916.0
20,9780425259290,Penguin Group,THE THIEF,Combined Print Fiction,2013-03-31,B006LU1SBI,9.99,4.5,1065.0
12,9780345523501,Random House Publishing,BLOODFIRE QUEST,Combined Print Fiction,2013-03-31,B00B3YK0KC,0.0,4.6,904.0
5,9780446547574,Grand Central Publishing,SAFE HAVEN,Combined Print Fiction,2013-03-31,B00435JD8S,0.0,4.7,10177.0
4,9780547848419,Houghton Mifflin Harcourt,LIFE OF PI,Combined Print Fiction,2013-03-31,B074WFYQ2K,0.0,4.4,12947.0
16,9781476733951,Simon & Schuster,WOOL,Combined Print Fiction,2013-03-31,B00C9M7P5K,0.0,4.6,17156.0
20,9780307592736,Knopf Doubleday Publishing,WILD,Combined Print Nonfiction,2013-03-31,0307476073,9.29,4.5,21580.0
16,9781594205347,Penguin Group,DETROIT,Combined Print Nonfiction,2013-03-31,B00CDVZIW4,0.0,4.6,1325.0
18,9780316017930,"Little, Brown & Company",OUTLIERS,Combined Print Nonfiction,2013-03-31,0316017930,16.99,4.7,19024.0
19,9781420118537,Kensington Publishing,YOU DON’T WANT TO KNOW,Combined Print Fiction,2013-03-24,0639931723,13.99,4.5,1274.0
17,9780547928173,Houghton Mifflin Harcourt,FRANCONA,Combined Print Nonfiction,2013-03-24,0547928173,19.99,4.5,689.0
16,9781401324797,Hyperion,DAMN FEW,Combined Print Nonfiction,2013-03-24,1401324797,16.12,4.7,829.0
15,9780812993929,Random House Publishing,OUT OF ORDER,Combined Print Nonfiction,2013-03-24,B00B3Z5VA0,0.0,4.0,168.0
13,9780061967559,HarperCollins Publishers,COOLIDGE,Combined Print Nonfiction,2013-03-24,0061967599,19.99,4.5,1029.0
18,9780446571821,"Little, Brown & Company",11TH HOUR,Combined Print Fiction,2013-03-24,B005S8O7S0,9.99,4.7,4728.0
1,9780441020010,Penguin Group,FROST BURNED,Combined Print Fiction,2013-03-24,B00BP3FDXA,0.0,4.8,3553.0
13,9780399158827,Penguin Group,CALCULATED IN DEATH,Combined Print Fiction,2013-03-24,B008ON43PS,8.99,4.7,3745.0
12,9781451647037,Howard Books,THE CHANCE,Combined Print Fiction,2013-03-24,1451672985,9.49,4.8,1798.0
20,9780786963645,Wizards of the Coast,THE LAST THRESHOLD,Combined Print Fiction,2013-03-24,B00AXZZ1HO,0.0,4.6,1222.0
6,9781455523559,Grand Central Publishing,SAFE HAVEN,Combined Print Fiction,2013-03-24,147894837X,6.74,4.7,10177.0
9,9781414319704,Tyndale House Publishers,DAMASCUS COUNTDOWN,Combined Print Fiction,2013-03-24,B008PX1XHI,12.99,4.7,2583.0
13,9780062078117,HarperCollins Publishers,IMMORTAL EVER AFTER,Combined Print Fiction,2013-03-17,B00AV6FD64,7.99,4.8,900.0
16,9780758280343,Kensington Publishing,RED VELVET CUPCAKE MURDER,Combined Print Fiction,2013-03-17,0758280343,26.94,4.6,1460.0
20,9780670026715,Penguin Group,THE VATICAN DIARIES,Combined Print Nonfiction,2013-03-17,B008EKOJZK,14.99,4.2,303.0
18,9781400067558,Random House Publishing,BEHIND THE BEAUTIFUL FOREVERS,Combined Print Nonfiction,2013-03-17,081297932X,10.18,4.3,3540.0
17,9780307700667,Knopf Doubleday Publishing,GOING CLEAR,Combined Print Nonfiction,2013-03-17,B00AWUEDGA,13.99,4.4,2111.0
16,9780393087727,Norton,WHITEY BULGER,Combined Print Nonfiction,2013-03-17,0393087727,25.88,4.6,479.0
15,9780307408853,Crown Publishing,IN THE GARDEN OF BEASTS,Combined Print Nonfiction,2013-03-17,9124090506,44.98,5.0,1.0
20,9780451233967,Penguin Group,STAY CLOSE,Combined Print Fiction,2013-03-17,B005GSYXYK,7.99,4.4,3233.0
10,9780765325952,Tom Doherty,A MEMORY OF LIGHT,Combined Print Fiction,2013-03-10,B00A2ZHF3I,0.0,4.8,9276.0
20,9780307950659,Knopf Doubleday Publishing,DEATH COMES TO PEMBERLEY,Combined Print Fiction,2013-03-10,B006IL6WPM,0.0,3.8,2482.0
12,9780345505736,Random House Publishing,GUILT,Combined Print Fiction,2013-03-10,B009QJNRZQ,9.99,4.4,1669.0
13,9780812993806,Random House Publishing,TENTH OF DECEMBER,Combined Print Fiction,2013-03-10,0812993802,14.5,3.9,1959.0
15,9781616386108,FrontLine,THE HARBINGER,Combined Print Fiction,2013-03-10,0736980172,21.26,4.8,558.0
17,9780770437855,Crown Publishing,THE DINNER,Combined Print Fiction,2013-03-10,0385346859,14.49,3.5,3904.0
18,9780345525550,Random House Publishing,THE LANGUAGE OF FLOWERS,Combined Print Fiction,2013-03-10,0345525558,10.99,4.5,7268.0
20,9781400067664,Random House Publishing,THOMAS JEFFERSON,Combined Print Nonfiction,2013-03-10,B0089EHKE8,16.99,4.6,2700.0
19,9780670024872,Penguin Group,WHY PRIESTS?,Combined Print Nonfiction,2013-03-10,0670024872,16.37,4.0,213.0
13,9780770435622,Broadway Books,LADY ALMINA AND THE REAL DOWNTON ABBEY,Combined Print Nonfiction,2013-03-10,0770435629,14.99,4.5,2493.0
17,9781439150221,Simon & Schuster,LONG SHOT,Combined Print Nonfiction,2013-03-10,B00B9F9ZCY,0.0,4.2,193.0
18,9781476707624,Gallery Books,DRINKING AND TWEETING,Combined Print Nonfiction,2013-03-10,B086MCR16D,0.0,4.5,2813.0
19,9781476717463,Atria/Emily Bestler Books,WARM BODIES,Combined Print Fiction,2013-03-10,147671746X,0.0,4.6,3000.0
18,9781594487156,Penguin Group,TO SELL IS HUMAN,Combined Print Nonfiction,2013-03-03,B00AE9V9MA,0.0,4.5,2180.0
14,9780062238399,HarperCollins Publishers,REMEMBERING WHITNEY,Combined Print Nonfiction,2013-03-03,B00AZMGGAQ,0.0,4.5,1036.0
20,9780743270755,Simon & Schuster,TEAM OF RIVALS,Combined Print Nonfiction,2013-03-03,B00518Z5DS,0.0,4.8,5758.0
6,9780812992946,Random House Publishing,FUTURE,Combined Print Nonfiction,2013-03-03,0812992946,19.93,4.4,326.0
13,9780316211178,"Little, Brown & Company",PRIVATE BERLIN,Combined Print Fiction,2013-03-03,B007ZFIOUG,9.99,4.4,2798.0
17,9780399161483,Penguin Group,SUSPECT,Combined Print Fiction,2013-03-03,B008RCZLNO,8.99,4.6,3372.0
18,9780525953074,Penguin Group,TOUCH AND GO,Combined Print Fiction,2013-03-03,B00AYKHRO8,0.0,4.6,2360.0
19,9780770437855,Crown Publishing Group,THE DINNER,Combined Print Fiction,2013-03-03,0385346859,14.49,3.5,3904.0
20,9780399159725,Penguin Group,THE NIGHT RANGER,Combined Print Fiction,2013-03-03,B008U45VZC,9.99,4.4,731.0
16,9781400069286,Random House Publishing,THE POWER OF HABIT,Combined Print Nonfiction,2013-02-24,B007EJSMC8,0.0,4.6,18616.0
15,9780465028115,Basic Books,THEORETICAL MINIMUM,Combined Print Nonfiction,2013-02-24,0465075681,16.68,4.3,637.0
20,9780670024810,Penguin Group,THE WORLD UNTIL YESTERDAY,Combined Print Nonfiction,2013-02-24,B00AE9V8QW,0.0,4.3,711.0
17,9781451656039,Simon & Schuster,TEN YEARS LATER,Combined Print Nonfiction,2013-02-24,1451656033,17.12,4.5,327.0
12,9780062248473,HarperCollins Publishers,BEYOND BELIEF,Combined Print Nonfiction,2013-02-24,B00B9E5GQ4,0.0,4.4,3410.0
19,9780446571869,"Little, Brown & Company",KILL ME IF YOU CAN,Combined Print Fiction,2013-02-24,B00495ZCQ4,9.99,4.5,1429.0
18,9780425267042,Penguin Group,RUSH,Combined Print Fiction,2013-02-24,B00AI5APLQ,7.99,4.2,2443.0
20,9781439165317,Simon & Schuster,A DEEPER LOVE INSIDE,Combined Print Fiction,2013-02-24,1439165327,11.49,4.6,7328.0
10,9780345530882,Random House Publishing,UNTIL THE END OF TIME,Combined Print Fiction,2013-02-24,0345530896,6.79,4.5,2625.0
17,9780440245223,Random House Publishing,BETRAYAL,Combined Print Fiction,2013-02-24,B005BUG6TI,7.99,4.6,2223.0
5,9780446585187,Grand Central Publishing,HITMAKER,Combined Print Nonfiction,2013-02-17,B00B90MIUA,0.0,4.0,78.0
17,9781400067619,Random House Publishing,ENGINEERS OF VICTORY,Combined Print Nonfiction,2013-02-17,B004J4WNMG,11.99,4.2,493.0
14,9780385344036,Random House Publishing,SPEAKING FROM AMONG THE BONES,Combined Print Fiction,2013-02-17,B008ZPG8XK,4.99,4.8,1021.0
16,9780446553971,Grand Central Publishing,THE FIFTH ASSASSIN,Combined Print Fiction,2013-02-17,B007ZFIW44,7.99,4.2,1264.0
17,9781400052189,Crown Publishing,THE IMMORTAL LIFE OF HENRIETTA LACKS,Combined Print Nonfiction,2013-02-10,1400052181,12.1,4.7,15598.0
16,9780399161643,Penguin Group,THE DUDE AND THE ZEN MASTER,Combined Print Nonfiction,2013-02-10,0399161643,25.02,4.5,471.0
14,9781591844754,Penguin Group,MY SHARE OF THE TASK,Combined Print Nonfiction,2013-02-10,1982160276,21.0,4.5,830.0
7,9780061957918,HarperCollins Publishers,EVER AFTER,Combined Print Fiction,2013-02-10,B00A2ZIP0A,0.0,4.8,1972.0
15,9781451640205,Simon & Schuster,THE THIRD BULLET,Combined Print Fiction,2013-02-10,B006VFZPBW,8.99,4.1,1551.0
16,9780446571784,Grand Central,PRIVATE: #1 SUSPECT,Combined Print Fiction,2013-02-10,0446571784,15.99,4.5,2068.0
17,9780385535144,Knopf Doubleday Publishing,THE RACKETEER,Combined Print Fiction,2013-02-10,B009UX6DYA,0.0,4.4,20380.0
18,9780385350280,Knopf Doubleday Publishing,THE TWELVE TRIBES OF HATTIE,Combined Print Fiction,2013-02-10,B00AIAL89E,0.0,4.2,2201.0
